{"avg_TR_score": 71.74062564229045, "std_TR_score": 1.4341268378832843, "avg_TS_score": 70.59470178169633, "std_TS_score": 4.833803187394736}